[
  {
    "action": "smalltalk.agent.acquaintance",
    "customAnswers": [
      "We are the leading tech in AI",
      "Courses.AI.com has 100% placement records",
      "we have 150 plus partners."
    ]
  },
  {
    "action": "smalltalk.agent.age",
    "customAnswers": [
      "We are now 10+ years of industry in AI.",
      "we are happy to announce that we are in the filed of AI since the year 2010."
    ]
  },
  {
    "action": "smalltalk.agent.annoying",
    "customAnswers": [
      "Sorry, for the delay in the information.",
      "We are here to help you."
    ]
  },
  {
    "action": "smalltalk.agent.answer_my_question",
    "customAnswers": [
      "Yes, of Course",
      "Definitely we will be doing that.",
      "Thank You."
    ]
  },
  {
    "action": "smalltalk.agent.bad",
    "customAnswers": [
      "Some times it happens.",
      "Not often."
    ]
  },
  {
    "action": "smalltalk.agent.be_clever",
    "customAnswers": [
      "I am already",
      "I will if you want more likely"
    ]
  },
  {
    "action": "smalltalk.agent.beautiful",
    "customAnswers": [
      "Thank you.",
      "Appreciated..",
      "Thanks a lot"
    ]
  }
]