[
  {
    "id": "7bd1d1f6-27f5-46bb-b5e7-413b57307298",
    "data": [
      {
        "text": "what are the ",
        "userDefined": false
      },
      {
        "text": "AIcourses",
        "meta": "@AIcourses",
        "alias": "AIcourses",
        "userDefined": true
      },
      {
        "text": " you have?",
        "userDefined": false
      }
    ],
    "isTemplate": false,
    "count": 0,
    "lang": "en",
    "updated": 0
  },
  {
    "id": "a01a809a-1ea3-4c16-806e-0c3954cb2065",
    "data": [
      {
        "text": "may I know the course details?",
        "userDefined": false
      }
    ],
    "isTemplate": false,
    "count": 0,
    "lang": "en",
    "updated": 0
  },
  {
    "id": "80e715ca-ce6e-4143-9df6-ad51b02c1109",
    "data": [
      {
        "text": "What are the courses you have in ",
        "userDefined": false
      },
      {
        "text": "courses.AI.com",
        "meta": "@sys.ignore",
        "userDefined": false
      },
      {
        "text": "?",
        "userDefined": false
      }
    ],
    "isTemplate": false,
    "count": 0,
    "lang": "en",
    "updated": 0
  },
  {
    "id": "7ac6d0ae-846a-453b-8290-74dd159aaf23",
    "data": [
      {
        "text": "may i know the AIcourses details?",
        "userDefined": false
      }
    ],
    "isTemplate": false,
    "count": 0,
    "lang": "en",
    "updated": 0
  }
]