[
  {
    "id": "9934b5a5-c333-4c97-916e-e94fbab67651",
    "data": [
      {
        "text": "What are the courses you have in AI?",
        "userDefined": false
      }
    ],
    "isTemplate": false,
    "count": 0,
    "lang": "en",
    "updated": 0
  },
  {
    "id": "527ee0d5-c0c9-46a1-b630-b02e74f30222",
    "data": [
      {
        "text": "May I know the course details?",
        "userDefined": false
      }
    ],
    "isTemplate": false,
    "count": 0,
    "lang": "en",
    "updated": 0
  }
]